<?xml version="1.0" encoding="UTF-8"?>
<comanda>
    <id>5061310150100</id>
    <data>2024-04-22</data>
    <client>
        <nume>Diaconu Ciuca Matei</nume>
        <adresa>12 Strada Grigoresti, Oraș, Craiova</adresa>
        <email>diaconu.ciuca@gmail.com</email>
    </client>
    <produse>
        <produs>
            <nume>Telefon mobil</nume>
            <cantitate>1</cantitate>
            <pret>4700.99</pret>
        </produs>
        <produs>
            <nume>Mouse wireless</nume>
            <cantitate>2</cantitate>
            <pret>29.99</pret>
        </produs>
    </produse>
    <total>4761.99</total>
    <metoda_plata>card</metoda_plata>
    <status>in curs de procesare</status>
</comanda>
