<?xml version="1.0"?>
<xs:schema xmlns:xs="http://www.w3.org/2001/XMLSchema">

  <xs:element name="comanda">
    <xs:complexType>
      <xs:sequence>
        <xs:element name="id" type="xs:string"/>
        <xs:element name="data" type="xs:date"/>
        <xs:element name="client">
          <xs:complexType>
            <xs:sequence>
              <xs:element name="nume" type="xs:string"/>
              <xs:element name="adresa" type="xs:string"/>
              <xs:element name="email" type="xs:string"/>
            </xs:sequence>
          </xs:complexType>
        </xs:element>
        <xs:element name="produse">
          <xs:complexType>
            <xs:sequence>
              <xs:element name="produs" maxOccurs="unbounded">
                <xs:complexType>
                  <xs:sequence>
                    <xs:element name="nume" type="xs:string"/>
                    <xs:element name="cantitate" type="xs:int"/>
                    <xs:element name="pret" type="xs:decimal"/>
                  </xs:sequence>
                </xs:complexType>
              </xs:element>
            </xs:sequence>
          </xs:complexType>
        </xs:element>
        <xs:element name="total" type="xs:decimal"/>
        <xs:element name="metoda_plata" type="xs:string"/>
        <xs:element name="status" type="xs:string"/>
      </xs:sequence>
    </xs:complexType>
  </xs:element>

</xs:schema>
