<?xml version="1.0" encoding="UTF-8"?>
<project-private xmlns="http://www.netbeans.org/ns/project-private/1">
    <editor-bookmarks xmlns="http://www.netbeans.org/ns/editor-bookmarks/2" lastBookmarkId="0"/>
    <open-files xmlns="http://www.netbeans.org/ns/projectui-open-files/2">
        <group>
            <file>file:/C:/Users/deaco/OneDrive/Desktop/MysticSpade/src/mysticspade/MysticSpade.java</file>
            <file>file:/C:/Users/deaco/OneDrive/Desktop/MysticSpade/src/mysticspade/core/Card.java</file>
        </group>
    </open-files>
</project-private>
